text,url
Typhoon Ragasa,https://en.wikipedia.org/wiki/Typhoon_Ragasa
sign an agreement,https://en.wikipedia.org/wiki/Strategic_Mutual_Defence_Agreement
Robert Redford,https://en.wikipedia.org/wiki/Robert_Redford
Terence Crawford,https://en.wikipedia.org/wiki/Terence_Crawford
defeats,https://en.wikipedia.org/wiki/Canelo_%C3%81lvarez_vs._Terence_Crawford
Canelo Álvarez,https://en.wikipedia.org/wiki/Canelo_%C3%81lvarez
Gaza war,https://en.wikipedia.org/wiki/Gaza_war
timeline,https://en.wikipedia.org/wiki/Timeline_of_the_Gaza_war_(20_August_2025_%E2%80%93_present)
genocide,https://en.wikipedia.org/wiki/Gaza_genocide
Russian invasion of Ukraine,https://en.wikipedia.org/wiki/Russo-Ukrainian_war_(2022%E2%80%93present)
timeline,https://en.wikipedia.org/wiki/Timeline_of_the_Russian_invasion_of_Ukraine_(1_September_2025_%E2%80%93_present)
Sudanese civil war,https://en.wikipedia.org/wiki/Sudanese_civil_war_(2023%E2%80%93present)
timeline,https://en.wikipedia.org/wiki/Timeline_of_the_Sudanese_civil_war_(2025)
Abdul Gani Bhat,https://en.wikipedia.org/wiki/Abdul_Gani_Bhat
Dickie Bird,https://en.wikipedia.org/wiki/Dickie_Bird
Nicholas Grimshaw,https://en.wikipedia.org/wiki/Nicholas_Grimshaw
Mohammed ben Abdallah,https://en.wikipedia.org/wiki/Mohammed_ben_Abdallah_(playwright)
Déjean Bélizaire,https://en.wikipedia.org/wiki/D%C3%A9jean_B%C3%A9lizaire
Daniela Hammer-Tugendhat,https://en.wikipedia.org/wiki/Daniela_Hammer-Tugendhat
Claudia Cardinale,https://en.wikipedia.org/wiki/Claudia_Cardinale
More current events,https://en.wikipedia.org/wiki/Portal:Current_events
